,Brand_URL,Product_URL,Image1_Link (Product Image),Image1_Type,Image1_Short_Caption,Image1_Long_Caption,Image2_link (Lifestyle),Image2_Long_Caption
2,https://jamiekay.com/,https://jamiekay.com/products/jordie-overall-fine-stripe-biscuit-cloud?_pos=27&_fid=11d311609&_ss=c,https://jamiekay.com/cdn/shop/files/JordieOverallFineStripeBiscuitCloud_1100x.jpg?v=1718848424,Product,Beige and white striped cotton overalls; fabric buttons and straps.,Child's overalls in beige with thin white vertical stripes.  The fabric appears to be cotton.  The overalls have adjustable shoulder straps with gold-toned metal buckles.  There are two gold-toned buttons on each side of the waist.  A small pocket is visible on the front bib.,https://jamiekay.com/cdn/shop/files/JK-FloraCollection-2494_1100x.jpg?v=1718848424,"A toddler, approximately 24 months of age, with short brown hair, is positioned slightly angled to the left, standing approximately 1.5 feet from a white baseboard. The baseboard is 6 inches tall and sits atop a light brown wood floor. The toddler is wearing a beige long-sleeved crewneck shirt with a small embroidered apple motif centered on the chest. Over the shirt, the toddler wears beige vertically striped overalls with adjustable straps and functional buttons. The overalls are approximately 20 inches in length from the shoulder to the hem. The toddler is wearing brown ankle boots with a slight heel and buckle detail. The boots measure approximately 6 inches in height. The background is a white wall with vertical paneling. The lighting is soft and diffused, casting no harsh shadows. The overall composition is centered, with the toddler occupying the majority of the image's central area. The toddler's gaze is directed upward and to the left."
3,https://jamiekay.com/,https://jamiekay.com/products/jordie-overall-indigo-denim?_pos=28&_fid=11d311609&_ss=c,https://jamiekay.com/cdn/shop/files/JamieKayMay2024MayCollectionJordieOverall-IndigoDenim_1100x.jpg?v=1714949383,Product,Blue denim baby overalls with gold buttons.,"Child-sized denim overalls.  The garment is dark blue, with gold-toned metal buttons visible on the straps and sides.  The overalls have thin straps, a small back pocket, and two front pockets.  The legs are slightly cuffed at the bottom. The background is white.",https://jamiekay.com/cdn/shop/files/JKG-May2024-JulietteCollection354_4d0813ba-1d38-4a8c-8164-607c64afef80_1100x.jpg?v=1714949383,"A toddler with shoulder-length blond hair is seated on a light-colored surface. The toddler is wearing a denim overall and a light pink, textured sweater.  The toddler's hands are interacting with three plush toys; one light beige, one light gray, and one off-white. The beige plush toy is positioned primarily beneath the gray plush toy, partially obscured. The gray plush toy is centered and slightly elevated relative to the others. The off-white plush toy is partially visible beneath the gray and beige toys.  The scene is well-lit, with soft, diffused light, casting no harsh shadows. The background is a plain, light-gray wall. The toddler is positioned centrally in the frame. The toddler's legs are extended, with the lower portion of the legs and feet visible. The toddler is wearing light pink socks with small white dots visible on the socks."
4,https://jamiekay.com/,https://jamiekay.com/products/cillian-cord-pant-brownie?_pos=5&_fid=ef96235a1&_ss=c,https://jamiekay.com/cdn/shop/files/CillianCordPantBrownie_1100x.jpg?v=1717472048,Product,Brown corduroy pants; child size; two pockets.,"A pair of children's pants.  The pants are made of brown corduroy. They have an elasticized waistband with a drawstring.  Two patch pockets are visible on the front.  The pants appear to be cropped, and the hems are straight.",https://jamiekay.com/cdn/shop/files/JK-MeadowCollection-3318_1100x.jpg?v=1717472048,"A toddler, approximately 24-36 months of age, is positioned slightly angled to the left, standing on a light brown wood floor against a white wall with baseboards.  The wall features vertical molding. The toddler is wearing a brown knit beanie positioned centrally on their head.  They are wearing a cream and brown horizontally striped knit sweater. The sweater is approximately hip-length. Brown corduroy pants, cuffed at the ankles, are worn below the sweater.  The pants have visible side pockets. The toddler is wearing light brown leather ankle boots.  The boots are positioned such that the left boot is approximately 10cm in front of the right boot. The toddler’s arms are slightly flexed at the elbows.  The lighting is soft and diffused, creating minimal shadows. The background is an unblemished white wall. The overall composition centers the toddler in the image, leaving significant unoccupied space to the right."
5,https://jamiekay.com/,https://jamiekay.com/products/cillian-cord-pant-fawn?_pos=7&_fid=ef96235a1&_ss=c,https://jamiekay.com/cdn/shop/files/CillianCordPantFawn_96674fc8-c3b5-4987-92b9-398a26ae0b74_1100x.jpg?v=1724902324,Product,"Beige corduroy pants, two pockets, drawstring waist.","Child's pants displayed against a white background.  The pants appear to be made of corduroy fabric in a beige tone. They feature a drawstring waist and two patch pockets, one on each side. The pants have a straight leg silhouette.",https://jamiekay.com/cdn/shop/files/JK-September24-day1_1860_1100x.jpg?v=1724902324,"A toddler, approximately 24 months of age, is positioned centrally within the frame. The child is wearing a light beige knit beanie with a small pom-pom atop, a sage green knit sweater with long sleeves and a crew neck, and beige corduroy pants with patch pockets at the knees and an elasticized waist. The pants extend to the ankles, where the child is wearing dark brown ankle boots.  The child's gaze is directed downward. The setting is an interior space with a white, vertically-ribbed wall forming the background, and a light beige wood-effect floor is visible from the child's knees down. The baseboard is white. The lighting is soft and diffuse, without harsh shadows. The child is approximately 18 inches from the baseboard. The child is walking or standing, with feet approximately 6 inches apart."
6,https://jamiekay.com/,https://jamiekay.com/products/ethan-pant-coal?_pos=11&_fid=ef96235a1&_ss=c,https://jamiekay.com/cdn/shop/files/JamieKay-November-2024-EthanPant-Coal_1100x.jpg?v=1731376647,Product,"Knit baby pants, dark gray, cotton blend.",Infant-sized pants constructed from a textured knit fabric.  The pants are dark gray and feature an elasticized waistband with self-fabric drawstring.  The leg cuffs are ribbed knit.  The pants are shown flat against a white background.,https://jamiekay.com/cdn/shop/files/JK-BlackFriday24-day1-5356_1100x.jpg?v=1731376647,"A toddler, appearing to be male, is positioned centrally within the frame. The child is wearing a dark-brown, knitted cardigan with five visible light-brown buttons running vertically down the center.  The cardigan is long-sleeved and appears to be made of a textured material. The toddler is also wearing matching dark-brown, knitted pants that extend to the ankles, with a drawstring detail visible at the waist.  The pants are cuffed at the ankles. The child is wearing off-white socks. The toddler is standing on a light beige floor. The backdrop is a plain, off-white wall with subtle vertical molding details visible near the edges of the frame. The lighting is soft and diffused, with no harsh shadows. The child is facing the camera, with his body oriented slightly to the left. The spatial relationship of elements is clear; the child is centered in the image, positioned approximately one-third from the bottom of the frame, with considerable distance between the child and the wall in the background."
7,https://jamiekay.com/,https://jamiekay.com/products/ethan-pant-cub-marle?_pos=12&_fid=ef96235a1&_ss=c,https://jamiekay.com/cdn/shop/files/JamieKayApril2024FayetteCollectionEthanPantCubMarle_1100x.jpg?v=1712809069,Product,"Brown knitted baby pants, drawstring waist.",Infant-sized pants constructed from a brown knitted fabric. The pants feature an elasticized waistband with a self-fabric drawstring tie.  The leg cuffs are also ribbed knit. The pants are shown on a white background.,https://jamiekay.com/cdn/shop/files/JamieKay-April2024-FayetteCollection-388_1100x.jpg?v=1712809069,"A baby, wearing a brown knitted sweater with an embroidered animal motif centered on the chest and matching knitted pants and socks, sits on a textured off-white blanket. The baby is wearing a brown knitted beanie with a pom-pom on top. The baby's gaze is directed upward and slightly to the right. The setting appears to be an indoor studio with even, diffused lighting. The blanket is positioned beneath and around the baby;  the baby's legs are slightly spread, and its arms are resting on its legs.  The background is a solid light beige."
8,https://jamiekay.com/,https://jamiekay.com/products/ethan-pant-fawn?_pos=14&_fid=ef96235a1&_ss=c,https://jamiekay.com/cdn/shop/files/EthanPantFawn_1100x.jpg?v=1722807053,Product,Beige knitted baby pants with drawstring waist.,A pair of baby pants is shown against a white background.  The pants appear to be made of a textured knit fabric.  They are beige in color and have an elasticized waistband with a thin fabric drawstring tie. The pants have a straight leg and a slightly cuffed hem.,https://jamiekay.com/cdn/shop/files/JK-Aug-TopUps-258_618e77b1-3602-45ee-9081-fbb794409f69_1100x.jpg?v=1722820367,"A baby, wearing a beige knitted hat with a beige pom-pom and a beige knitted sweater and pants set, is seated on a beige knitted blanket. The blanket has a subtle embroidered pattern of small dogs. The baby is holding a pale beige wooden toy car. The car is approximately 6 centimeters in length, and is positioned centrally in the baby's hands. The baby's legs are slightly spread, with feet clad in white socks. The background is a white wall with subtle textural variation, and a light brown floor is visible at the bottom edge of the frame. The lighting is soft and diffused, with no harsh shadows. The overall composition is centered around the baby, with the blanket extending to all sides. The baby is positioned slightly off-center, approximately one-third of the way from the left edge. The baby's gaze is directed downward at the toy car. The room appears clean and minimalist."
9,https://jamiekay.com/,https://jamiekay.com/products/ethan-pant-malt-fleck?_pos=16&_fid=ef96235a1&_ss=c,https://jamiekay.com/cdn/shop/files/JamieKay-November-2024-EthanPant-MaltFleck_ee566ab8-92e1-4990-adae-267eb50c7ea3_1100x.jpg?v=1731376629,Product,Beige knitted baby pants with drawstring waist.,A pair of baby pants made from a beige speckled knit fabric. The pants have a drawstring waist and a ribbed hem at the ankles.  The fabric appears to be a loosely knit yarn with small dark flecks throughout.,https://jamiekay.com/cdn/shop/files/JK-BlackFriday24-day1-2424_cc9909e1-1c69-4727-99d0-32fb95941690_1100x.jpg?v=1731376629,"A toddler, with dark brown hair, is seated on a light beige floor mat. The child is wearing a light beige, speckled turtleneck sweater and matching leggings.  The toddler's gaze is directed upward and to the right of the frame. Three light beige balloons, each approximately 10-12 inches in diameter, with small white bows attached, are positioned to the left and slightly behind the child.  Two additional, similar-sized, light beige balloons are situated on the floor mat to the left and slightly in front of the child. Gold ribbons connect the balloons. The background is a white wall with vertical paneling. The lighting is soft and diffused, and the setting appears to be an indoor studio."
10,https://jamiekay.com/,https://jamiekay.com/products/ethan-pant-moss-marle?_pos=17&_fid=ef96235a1&_ss=c,https://jamiekay.com/cdn/shop/files/EthanPantMossMarle_ece53e65-678a-42e2-8b44-1bbce4575ca2_1100x.jpg?v=1718848134,Product,"Knit baby pants, beige, cotton blend",A pair of infant-sized pants is shown against a white background. The pants appear to be made from a knitted cotton blend fabric and are light beige in color.  They have a drawstring waist and ribbed cuffs at the ankles. The pants are shown from a front perspective.,https://jamiekay.com/cdn/shop/files/JK-FloraCollection-1412_1100x.jpg?v=1718848134,"A toddler with light reddish-blonde hair is seated on a light beige floor covering. The toddler is wearing a cream-colored long-sleeved bodysuit with small brown bear illustrations and light gray knit pants. The pants have a drawstring waistband and extend to the ankles. The toddler is wearing socks that are primarily white with tan/brown accents at the toes and heels. The toddler's hands are clasped together in front of their chest. Their gaze is directed upward and slightly to the right of the frame. The background is a blurry, out-of-focus, off-white wall with subtle molding at the floor level. The lighting is soft and diffused, casting no harsh shadows on the subject or the floor covering."
11,https://jamiekay.com/,https://jamiekay.com/products/ethan-pant-oatmeal-marle?_pos=18&_fid=ef96235a1&_ss=c,https://jamiekay.com/cdn/shop/files/EthanPant-OatmealMarle_ec2b705c-8064-4691-ac98-8e20ebf5fa12_1100x.jpg?v=1724902492,Product,"Infant knitted pants, beige, cotton blend.",A pair of infant-sized pants is shown. They appear to be made from a knitted cotton blend fabric. The pants are light beige and feature a drawstring waistband. The leg cuffs are ribbed.  The pants are presented on a white background.,https://jamiekay.com/cdn/shop/files/JK-September24-day1_595_1100x.jpg?v=1724902492,"A toddler, approximately 24 months of age, with light brown hair, is standing facing to the right, slightly angled away from the camera. The child is wearing a beige knit sweater with an embroidered hedgehog on the chest and matching beige knit pants.  A small, white stuffed animal is held in the child's left hand. The child is wearing mottled grey and beige socks. The child is positioned approximately one foot from a white baseboard, which runs horizontally across the bottom third of the image.  The baseboard is approximately 4 inches in height and is situated against vertically striped wallpaper in off-white and beige tones. The stripes are approximately 1 inch wide. The floor is light brown wood laminate. The lighting is soft and diffused, eliminating harsh shadows. The overall composition is a full-length shot of the child against the background."
12,https://jamiekay.com/,https://jamiekay.com/products/ethan-pant-vintage-taupe?_pos=19&_fid=ef96235a1&_ss=c,https://jamiekay.com/cdn/shop/files/EthanPant-VintageTaupe_efbbc588-5153-473e-886f-003c13b94c85_1100x.jpg?v=1715826262,Product,Beige knitted baby pants with drawstring waist.,Infant-sized pants constructed from a beige knitted fabric.  The pants feature an elasticized waistband with a fabric drawstring tie. The leg cuffs are ribbed knit. The pants are presented against a white background.,https://jamiekay.com/cdn/shop/files/JKG-MA_1_6d89fc2c-310e-487c-bd0d-3a71fc0531b1_1100x.jpg?v=1715826262,"A vertically oriented, close-up image shows a toddler wearing a taupe-colored knitted sweater and matching pants. The sweater has a ribbed neckline and cuffs. A small, indistinct emblem is visible near the neckline.  The pants have an elasticized waistband. The child is wearing white ankle socks with a repeating pattern of small brown dachshund illustrations. The child's hands are positioned near the chest, slightly overlapping. The background is blurred but shows a section of a light beige, sheer fabric with indiscernible flecks. The child is positioned centrally in the frame. The image is brightly lit, with minimal shadows, suggesting diffused lighting. The floor appears to be a light-colored, smooth surface.  The bottom of the child's pants are approximately 10cm above the floor. The overall composition emphasizes the clothing details and texture. The visible background material extends from approximately 15cm behind the child to the edges of the frame."
13,https://jamiekay.com/,https://jamiekay.com/products/kingsley-pant-natural?_pos=22&_fid=ef96235a1&_ss=c,https://jamiekay.com/cdn/shop/files/KingsleyPantsNatural_Front_1100x.jpg?v=1723427258,Product,Beige cotton twill shorts with elastic waistband.,Child's shorts;  beige/off-white cotton twill fabric.  Features an elasticized waistband and two front pockets.  The shorts appear to have a straight leg and are presented flat on a white background.,https://jamiekay.com/cdn/shop/files/455833343_552106463819081_8815836324730941820_n_1100x.jpg?v=1724107410,"A toddler, with light brown hair styled in two upward-facing buns, is standing on a light beige shag carpet. The toddler is wearing a long-sleeved blouse with a muted gray and white floral pattern, and off-white pants that are cuffed at the ankles. The toddler's bare feet are visible. The child is positioned slightly angled to the right, interacting with a light-colored wooden playhouse that is located to the right and slightly behind the toddler. The playhouse appears to be approximately three feet tall, made of light-colored wood with brass hinges, and positioned perpendicular to the bottom of the frame and the wall. The wall behind the playhouse and the toddler is a matte, medium-toned taupe. The visible area of the wall is approximately five feet high and seven feet wide. The room is well lit, likely by ambient daylight, resulting in even illumination across the scene. The floor features a visible transition between the carpet and a thin, painted baseboard approximately two inches high."
14,https://jamiekay.com/,https://jamiekay.com/products/maverick-pant-cocoa-marle?_pos=23&_fid=ef96235a1&_ss=c,https://jamiekay.com/cdn/shop/files/JamieKay-MaverickPant-ToffeeMarle_f86bb00c-10b0-45a7-9940-30c6bec3bd00_1100x.png?v=1731443966,Product,Beige knitted baby pants; textured fabric,A pair of baby pants are shown against a black background.  The pants appear to be made of a knitted fabric with a wavy texture. They are light beige in color and have an elasticized waistband with a drawstring tie.  Small pockets are visible on each side. The pants have a cuffed hem at the ankles.,https://jamiekay.com/cdn/shop/files/JK-BlackFriday24-day2-532_f2291fac-ff06-4979-9ffa-4f566f09d93c_1100x.jpg?v=1731443966,"A toddler, wearing a dark-gray knitted sweater with an embroidered sailboat motif and tan ribbed pants, stands on a white floor.  The sweater has a crew neck and small button closures on the shoulder. The toddler is wearing white socks. The child's hands are lightly grasped by an unseen adult's hand at the wrist. The toddler is positioned slightly off-center, oriented towards the bottom-right corner. The background features a white wall with subtle molding, and several off-white, nearly spherical balloons approximately 10-12 inches in diameter are arranged to the child's left and right. The balloons are secured with gold ribbon. The floor appears to be carpeted in a white, possibly low-pile, material. The lighting is soft and diffuse, without harsh shadows. The overall scene is brightly lit, creating even illumination across the setting.  The depth of field is shallow, focusing primarily on the toddler."
15,https://jamiekay.com/,https://jamiekay.com/products/morgan-knitted-pant-mist-fleck?_pos=24&_fid=ef96235a1&_ss=c,https://jamiekay.com/cdn/shop/files/MorganKnittedPantMistFleck_1100x.jpg?v=1717472319,Product,"Knit pants, light green, cotton blend.","A pair of light-green knit pants is shown against a white background.  The pants appear to be made from a cotton blend, with a ribbed knit texture.  They have an elasticized waistband with a drawstring tie that is tied in a bow at the center. The pants are cropped at the ankles and have a straight leg silhouette.",https://jamiekay.com/cdn/shop/files/JK-MeadowCollection-434_9806b1fe-e8c2-437d-8bd9-63798ceda7dd_1100x.jpg?v=1717472319,"A toddler, appearing to be female, is positioned slightly right of center in a full shot.  She is wearing a sage-green ribbed knit sweater and matching ribbed knit pants. The sweater has a crew neck and long sleeves. The pants have a drawstring waistband visible at the waist. The toddler also wears a white floral print headband tied in a bow on top of her head. Her blonde hair is pulled back in a small bun. She is standing on a light beige wood-grain floor against a backdrop of white walls with subtle, vertically aligned molding details. The lighting is soft and diffuse, casting no harsh shadows. The toddler is facing slightly to her right, appearing to look off-camera.  The spatial relationship shows the toddler occupying approximately the lower central third of the frame. The background is out of focus but clearly visible. The floor extends to the bottom of the image. The walls extend from floor to the top of the frame. The molding is visible in the background. The toddler is approximately two to three feet tall, based on visual cues of proportions."
16,https://jamiekay.com/,https://jamiekay.com/products/morgan-knitted-pant-wren-marle?_pos=25&_fid=ef96235a1&_ss=c,https://jamiekay.com/cdn/shop/files/MorganKnittedPantWrenMarle_1100x.jpg?v=1717472290,Product,Beige knitted pants; cotton blend; drawstring waist.,Infant's pants; light beige; knit fabric; ribbed texture; drawstring waistband; visible from front; no visible pockets or other details.,https://jamiekay.com/cdn/shop/files/JK-MeadowCollection-002_1100x.jpg?v=1717472290,"A toddler, appearing to be approximately 2 years old, with shoulder-length blond hair styled in a low ponytail, is standing on a light brown wood floor. The child is wearing a light beige, ribbed knit sweater and matching pants. The sweater is a crew neck style and the pants are wide-legged. The child's hands are clasped together in front of them.  The child is positioned slightly off-center, closer to the left edge of the frame. The background is a white wall with vertical, rectangular paneling.  The wall extends from the floor to the top of the image, approximately 100 centimeters above the child's head. The floor is composed of horizontal planks.  The baseboards separating the wall and the floor are approximately 10 centimeters in height and are also white. The lighting is even and bright, with no visible shadows indicating a diffused light source. The overall color palette is muted and neutral, consisting mostly of various shades of beige and white."
17,https://jamiekay.com/,https://jamiekay.com/products/organic-cotton-jalen-track-pant-avion-large-shell?_pos=26&_fid=ef96235a1&_ss=c,https://jamiekay.com/cdn/shop/files/JamieKayMay2024MayCollectionOrganicCottonJalenTrackPant-AvionLargeShell_1100x.jpg?v=1714949267,Product,"Beige cotton sweatpants, airplane print",Child's sweatpants in beige cotton.  Features an all-over print of brown airplanes.  The sweatpants have an elastic waistband with a white drawstring.  Two pockets are visible on the front.  The cuffs are ribbed.,https://jamiekay.com/cdn/shop/files/JKA27B_1_1100x.jpg?v=1714949267,"Two toddlers, positioned facing away from the camera and slightly angled toward each other, stand approximately 15 centimeters from a white wall. The toddler on the left has shoulder-length blond hair and wears a light beige sweatshirt with a repeating pattern of small brown airplanes and matching light beige sweatpants with the same airplane pattern.  The sweatshirt has long sleeves and a ribbed hem. The sweatpants have an elastic waistband and a rear pocket. The toddler is wearing grey socks. The toddler on the right has shoulder-length brown, curly hair and wears a cream-colored sweatshirt with a sage green raglan sleeve and a ribbed hem; matching cream colored sweatpants with the same airplane pattern as the other toddler. The child's sweatpants have an elastic waistband.  Brown socks are visible on this toddler. The toddlers' hands appear to be lightly touching near the center of the image. The setting appears to be a plain white studio wall with even diffuse lighting. No other objects are visible in the image. The image is shot from a slightly elevated angle, providing a view from just above the toddlers' heads."
18,https://jamiekay.com/,https://jamiekay.com/products/organic-cotton-jalen-track-pant-cobblestone?_pos=27&_fid=ef96235a1&_ss=c,https://jamiekay.com/cdn/shop/products/JamieKayMarch2024MarchCollectionOrganicCottonJalenTrackPant-Cobblestone_1100x.jpg?v=1710302689,Product,Gray cotton sweatpants; drawstring waist.,Child-size sweatpants.  Fabric appears to be cotton.  The pants are gray.  They have an elasticized waistband with a fabric drawstring.  Two patch pockets are visible on the front.  The cuffs at the ankles are ribbed.,https://jamiekay.com/cdn/shop/products/JK-March24-2211_9e2555fd-8eaa-446c-8ce1-25fbc63e3052_1100x.jpg?v=1710302689,"A toddler with blond, shoulder-length curly hair is seated on a light brown wood floor. The toddler is wearing a mauve-colored sweatshirt and matching sweatpants.  The sweatshirt features a small embroidered image of a dog near the center. The toddler is wearing white socks. The toddler is positioned facing to the right of the frame, with their body angled approximately 45 degrees from the camera. Their right leg is slightly bent, and their left leg is positioned more straight out behind the right. Their hands are near their feet; the right hand is slightly grasping a sock.  The background features a light blue wall with a repeating pattern of off-white stylized leaf wreaths. The wall meets a white baseboard at the floor. The lighting is soft and diffused, seemingly from an overhead source, with no harsh shadows. The floor is composed of parallel planks of light-brown wood flooring with visible grain. The overall visible area is approximately 1.5 meters high and 1 meter wide."
19,https://jamiekay.com/,https://jamiekay.com/products/organic-cotton-jalen-track-pant-lenny-leopard-sage?_pos=29&_fid=ef96235a1&_ss=c,https://jamiekay.com/cdn/shop/files/JamieKayApril2024FayetteCollectionOrganicCottonJalenTrackPantLennyLeopardSage_1100x.jpg?v=1712809696,Product,"Infant sweatpants, green cotton, animal print",A pair of infant sweatpants is shown.  The sweatpants are light olive green with a repeating pattern of small brown stylized animal figures. The fabric appears to be cotton.  The sweatpants have an elastic waistband with a drawstring made of a white fabric with text.  The legs have a ribbed cuff.  Front pockets are visible.,https://jamiekay.com/cdn/shop/files/JAMIEK_4_45e8e599-f01f-47b9-9913-4c41d9436da9_1100x.jpg?v=1712809696,"A toddler, appearing to be approximately two years old, with blond hair, is seated on a light gray surface. The child is wearing a light beige knitted beanie positioned centrally on their head.  They are clothed in a gray sweatshirt and matching sweatpants. Both garments feature a repeating pattern of small stylized brown animals, possibly felines, distributed across the fabric. The sweatshirt has long sleeves and a crew neck. The sweatpants have a cuffed bottom. The child is wearing off-white socks that reach mid-calf. The child's hands are placed approximately 10cm apart on the surface, slightly forward of their knees. The child's legs are slightly apart. The background is a featureless off-white surface. The lighting is soft and diffuse, eliminating harsh shadows. The image is taken from a slightly elevated perspective, looking down towards the seated child.  The overall composition centers the child within the frame. The depth of field is shallow, focusing primarily on the child."
20,https://jamiekay.com/,https://jamiekay.com/products/organic-cotton-jalen-track-pant-soft-sand?_pos=31&_fid=0c14fcdd9&_ss=c,https://jamiekay.com/cdn/shop/files/OrganicCottonJalenTrackPantSoftSand_Front_8821277b-6823-430a-b46a-3cfbd7a9e123_1100x.jpg?v=1727745585,Product,Beige cotton sweatpants; white drawstring,Child's pants; beige cotton fabric.  Elastic waistband with a white drawstring tied in a bow. Two side pockets. Ribbed cuffs at ankles.,https://jamiekay.com/cdn/shop/files/JK-September24-day1_1510_1100x.jpg?v=1727745585,"A toddler, viewed from behind, is standing approximately one foot from a vertically striped wallpapered wall. The wall's baseboard is white and approximately 4 inches in height. The floor is light brown wood laminate. The child's right hand is being held by an adult hand, the adult's arm extending from the upper-right corner of the image.  The child is wearing a cream-colored sweatshirt with beige sleeves and beige sweatpants. The pants have a small back pocket. The sweatshirt has a beige ribbed waistband. The child's bare feet are visible on the floor. The wallpaper has thin, evenly spaced vertical stripes of a lighter and darker beige tone, with a subtle texture. The visible portion of the adult's arm shows a small tattoo. The lighting is soft and even, without harsh shadows."
21,https://jamiekay.com/,https://jamiekay.com/products/organic-cotton-jalen-track-pant-woodland-friends?_pos=32&_fid=0c14fcdd9&_ss=c,https://jamiekay.com/cdn/shop/files/OrganicCottonJalanTrackPantWoodlandFriends_1100x.jpg?v=1722813272,Product,"Off-white cotton sweatpants, animal print","Child's sweatpants; off-white cotton fabric with an all-over print of small brown rabbits, squirrels, hedgehogs, and mushrooms.  The sweatpants have an elasticized waistband with a drawstring, and two side pockets. The leg cuffs are ribbed.",https://jamiekay.com/cdn/shop/files/JK-August24-Day1_2171_1100x.jpg?v=1722550325,"Two toddlers, positioned slightly apart, are standing on a light beige floor mat. The background features a white wall with a faint, regularly spaced grid pattern. The toddler on the left wears a short-sleeved bodysuit and leggings, while the toddler on the right wears a sweatshirt and matching pants. Both sets of clothing are off-white or cream-colored and feature a repeating pattern of small, illustrated woodland creatures and mushrooms. The clothing items appear to be made of a soft, knit fabric. Both toddlers are wearing beige socks. The toddlers are approximately 2-3 feet apart. The lighting is soft and diffused, casting no harsh shadows. The toddlers' bodies are slightly angled towards each other, implying a slight interaction, though their facial expressions are neutral. The floor mat extends horizontally across the bottom 2/3 of the image, while the wall covers the upper third."
22,https://jamiekay.com/,https://jamiekay.com/products/organic-cotton-morgan-track-pant-arctic?_pos=34&_fid=0c14fcdd9&_ss=c,https://jamiekay.com/cdn/shop/files/JamieKayApril2024FayetteCollectionOrganicCottonMorganTrackPantArctic_1100x.jpg?v=1712809682,Product,"Gray cotton sweatpants, ribbed cuffs, drawstring waist.",Infant's sweatpants; dark gray cotton fabric.  Elastic waistband with a fabric drawstring featuring text.  Side pockets visible.  Ribbed cuffs at the ankles.  The garment is presented folded flat against a white background.,https://jamiekay.com/cdn/shop/files/JAF349_1_01559fe7-72f9-4e84-ad82-7e66d3455b8c_1100x.jpg?v=1712809682,"A toddler, approximately 18-24 months of age, with light-brown, shoulder-length hair styled in a fringe, stands centrally positioned against a solid, light-grey background. The toddler is wearing a charcoal-grey sweatshirt and matching sweatpants. The sweatshirt is a crew-neck style with a small, embroidered animal face design near the center of the chest.  The sweatpants have a fitted, tapered leg, ending near the ankles. The toddler is wearing light beige socks. The small, rectangular 'JAMIE KAY' brand label is visible on the lower right sleeve of the sweatshirt. The image is brightly lit, with even illumination across the subject, suggesting studio lighting. The toddler's body is slightly angled towards the viewer. No other objects or individuals are present in the image. The spatial relationship shows the toddler occupying the majority of the central vertical space, with empty space at the top and the bottom."
23,https://jamiekay.com/,https://jamiekay.com/products/organic-cotton-morgan-track-pant-bear?_pos=35&_fid=0c14fcdd9&_ss=c,https://jamiekay.com/cdn/shop/files/JamieKayApril2024FayetteCollectionOrganicCottonMorganTrackPantBear_1100x.jpg?v=1712809662,Product,"Infant sweatpants, taupe cotton, drawstring waist.",A pair of infant sweatpants is shown. They are taupe-colored and appear to be made of cotton.  The sweatpants have an elasticized waistband with a fabric drawstring featuring repeating text.  The pant legs have elasticized cuffs.  The garment is presented against a white background.,https://jamiekay.com/cdn/shop/files/JAMIEK_2_44cf0311-f9bd-4c22-b07b-2153dc49b56b_1100x.jpg?v=1712809662,"A toddler, exhibiting blond hair styled in a short, layered cut, is positioned in a three-quarter view slightly angled to the left. The child is wearing a taupe-colored sweatshirt and matching sweatpants, both appearing to be made of a mid-weight cotton-blend fabric. The sweatshirt shows slight fabric bunching at the waist, and has a small, barely-visible logo or design on the upper left chest.  The pants feature an elasticized waistline and a visible drawstring. The child also has on off-white socks with subtle, embroidered facial details. The child is standing on a plain, off-white backdrop, with no visible props or additional elements in the environment. The visible lighting is diffuse and soft, devoid of strong shadows, casting even illumination on the subject. The background is uniformly light, providing minimal visual contrast except for the clothing worn by the subject. The subject's right foot is positioned slightly behind the left foot, indicative of an ambulatory pose. The overall distance of the child from the camera provides a nearly full-body depiction. Minimal space between the child and the backdrop is discernible. The child's gaze is directed slightly upward and to the left of the frame."
24,https://jamiekay.com/,https://jamiekay.com/products/organic-cotton-morgan-track-pant-bronzed?_pos=36&_fid=0c14fcdd9&_ss=c,https://jamiekay.com/cdn/shop/files/JamieKayApril2024FayetteCollectionOrganicCottonMorganTrackPantBronzed_1100x.jpg?v=1712809712,Product,"Beige cotton sweatpants, infant size.","Infant-sized sweatpants.  The garment is beige and appears to be made of cotton.  Features include an elasticized waistband with a drawstring (white with light-grey text), and two front pockets. The sweatpants have a cuffed bottom.",https://jamiekay.com/cdn/shop/files/JA3619_1_1100x.jpg?v=1712809712,"An infant, appearing to be of mixed race, is seated on a light beige surface. The infant is wearing a cream-colored long-sleeved shirt with a small graphic of a seated spotted feline on the torso. Over the shirt, the infant wears a taupe-colored hooded zip-up jacket with a cream-colored sherpa lining. The pants are taupe-colored sweatpants, and the infant wears off-white socks with thin taupe horizontal stripes near the cuffs. The infant's hair is brown and slightly tousled. The infant is positioned slightly angled to the left of the frame, facing toward the upper left corner. The legs are bent at the knees, with feet positioned below and slightly apart. Hands are visible, resting gently on the surface. The background is a solid, uniformly-lit light beige or off-white. The lighting is soft and diffused, casting no harsh shadows. The overall visual impression is a minimalist, brightly lit, studio-type setting."
25,https://jamiekay.com/,https://jamiekay.com/products/organic-cotton-morgan-track-pant-constellation?_pos=37&_fid=0c14fcdd9&_ss=c,https://jamiekay.com/cdn/shop/files/JamieKayOctober2024MeredithCollectionOrganicCottonMorganTrackPantContellation_Front_6a396517-02a9-44bb-a121-a46a15941009_1100x.jpg?v=1727745502,Product,"Infant pants, dark blue cotton, drawstring waist.",A pair of infant pants is shown against a white background. The pants are dark blue and appear to be made of cotton.  They have an elastic waistband with a fabric drawstring featuring repeated text. The pants have a tapered leg with a rib-knit cuff at the bottom.  Front pockets are visible.,https://jamiekay.com/cdn/shop/files/JK-October24_1528_ea398309-696d-425e-82be-c934629d7256_1100x.jpg?v=1727745502,"A toddler, with light brown, wavy hair, is positioned slightly off-center to the left, facing away from the camera at a three-quarter angle.  The toddler wears a black crewneck sweatshirt with a small embroidered hedgehog image centered on the chest. The sweatshirt has long sleeves with ribbed cuffs, and the lower hem is visible above a pair of black sweatpants. The sweatpants appear to have a relaxed fit with elasticized ankles. A small, rectangular, light-colored label is visible on the right lower sleeve of the sweatshirt. The child's hands are partially visible, with the left hand slightly clenched and the right hand relaxed.  The background is a pale off-white wall with subtle vertical molding details slightly out of focus. The lighting is soft and diffuse, minimizing harsh shadows. The toddler is positioned approximately 1.5-2 feet from the background wall, and the overall visual context suggests an indoor setting, likely in a home or studio environment."
26,https://jamiekay.com/,https://jamiekay.com/products/organic-cotton-morgan-track-pant-earth?_pos=38&_fid=0c14fcdd9&_ss=c,https://jamiekay.com/cdn/shop/files/JamieKay-November-2024-OrganicCottonMorganTrackPant-Earth_1100x.jpg?v=1731376821,Product,Brown cotton sweatpants; elasticized waistband; side pockets.,Child's sweatpants in brown.  The garment is constructed from a cotton-like material.  Features include an elasticized waistband with a fabric drawstring and two side pockets.  The sweatpants have a tapered leg and a hemmed bottom.  Drawstring is off-white with repeating text.,https://jamiekay.com/cdn/shop/files/JK-BlackFriday24-day1-3660_d331f027-75db-488a-9153-7988a301fc8b_1100x.jpg?v=1731376821,"A toddler, approximately 24 months old, with short, light brown hair, is standing on a light beige floor. The child is wearing a mauve-colored sweatshirt with a small embroidered brown bear image centered on the chest, and matching mauve-colored sweatpants.  The sweatshirt has a crew neck and the sweatpants have an elastic waistband. The child is wearing light beige socks. The child's hands are positioned in the front pockets of the sweatpants. A pale beige balloon is situated to the left of the child, approximately 15 centimeters away from the child's left foot. The background is a white wall with subtle vertical molding, approximately 20 centimeters behind the child. The lighting is soft and diffuse, casting no harsh shadows."
27,https://jamiekay.com/,https://jamiekay.com/products/organic-cotton-morgan-track-pant-fawn?_pos=39&_fid=0c14fcdd9&_ss=c,https://jamiekay.com/cdn/shop/files/OrganicCottonMorganTrackPantFawn_1100x.jpg?v=1722815092,Product,"Beige cotton sweatpants, drawstring waist.",Infant's sweatpants; beige cotton fabric.  Elastic waistband with a fabric drawstring featuring repeating text.  Side pockets.  Ribbed cuffs at ankles.,https://jamiekay.com/cdn/shop/files/JK-August24-Day1_1628_59f17451-b1b8-433f-9891-d242daff1066_1100x.jpg?v=1722550174,"A toddler, appearing to be approximately 18 months old, with brown hair and light brown skin, stands on a light brown wood-grain floor. The child is wearing a beige sweatshirt with an embroidered brown bear on the chest, and matching beige sweatpants.  The sweatshirt has a crew neck. The sweatpants have a drawstring waist that is not visible.  The child is wearing white ankle socks. The child is positioned slightly off-center, facing towards the upper left corner of the image. The background is a white wall with a faint light gray and white gingham pattern, extending from the floor to just above the child's head.  A white baseboard approximately 5cm tall separates the wall from the floor. The lighting is even and soft, with no discernible shadows on the child. The floor appears to be made of light brown wood-grain laminate flooring. The child's feet are approximately 20 cm apart. The child's gaze is directed upward and to the left."
28,https://jamiekay.com/,https://jamiekay.com/products/organic-cotton-morgan-track-pant-fresh-apples-abbey-medium?_pos=40&_fid=0c14fcdd9&_ss=c,https://jamiekay.com/cdn/shop/files/OrganicCottonMorganTrackPantFreshApplesAbbeyStone_Front_1100x.jpg?v=1718848480,Product,"Infant sweatpants, pale green cotton, apple print","A pair of infant sweatpants is shown.  The sweatpants are pale green with a repeating pattern of small, off-white apples.  The fabric appears to be cotton.  They have an elasticized waistband with a white drawstring.  The sweatpants have two small side pockets. The bottom cuffs are ribbed.",https://jamiekay.com/cdn/shop/files/JK-FloraCollection-2957_1100x.jpg?v=1718848480,"A toddler is positioned slightly left of center in a full shot. The child is wearing a cream-colored knit cap with a small pom-pom on top and a subtle pattern of small green leaves and light brown apples.  The cap is approximately 5 inches tall. Underneath the cap, the toddler wears a cream-colored long-sleeved shirt, a cream-colored sherpa vest with beige trim and a small circular logo on the front, and light beige pants with a subtle pattern of small light-brown apples. The pants are approximately 20 inches long.  The child is wearing beige socks that extend just above the ankle and appear to be made of a knit fabric. The child's hands are clasped together at the lower abdomen, and their head is bowed slightly. 

The child is standing on a light brown wood floor against a white wall with vertical baseboards approximately 4 inches in height. The wall features subtle molding, dividing the wall into three vertical sections. The lighting is soft and even, casting no harsh shadows. The background is out-of-focus and uncluttered, with a neutral white backdrop that visually emphasizes the child and their clothing."
29,https://jamiekay.com/,https://jamiekay.com/products/organic-cotton-morgan-track-pant-henry-hedgehog-birch?_pos=41&_fid=0c14fcdd9&_ss=c,https://jamiekay.com/cdn/shop/files/OrganicCottonMorganTrackPantHenryHedgehogBirch_101b2500-b2e3-42a2-9259-801b5702ff25_1100x.jpg?v=1724901917,Product,"Beige cotton sweatpants, hedgehog print, drawstring waist.","Child's sweatpants.  Fabric appears to be cotton.  Beige background with a repeating pattern of small, green hedgehog illustrations.  Elastic waistband with a white drawstring.  Two visible pockets at the front.  The sweatpants have a tapered leg with ribbed cuffs.",https://jamiekay.com/cdn/shop/files/JK-September24-day1_1755_1100x.jpg?v=1724901917,"A toddler, with dark, short, curly hair, is shown from the knees up and viewed from behind and slightly to the right.  The child is wearing a beige sweatshirt and matching sweatpants, both adorned with a repetitive pattern of small, embroidered hedgehog figures.  The pants are slightly bunched at the ankles. The child wears mottled beige and brown socks. The toddler is holding an object (partially visible; appears light-colored and possibly wooden) near the mouth. The child is standing on a light beige rug that appears to be placed on a light brown wood floor. A white baseboard is visible at the lower edge of the image.  The background is a white wall with subtle vertical lines.  The lighting appears soft and diffused, casting no strong shadows. The overall scene suggests an indoor domestic setting."
30,https://jamiekay.com/,https://jamiekay.com/products/organic-cotton-morgan-track-pant-kalamata?_pos=42&_fid=0c14fcdd9&_ss=c,https://jamiekay.com/cdn/shop/files/OrganicCottonMorganTrackPantKalamata_1100x.jpg?v=1722815132,Product,Dark gray cotton sweatpants with drawstring waist.,Child's sweatpants; dark gray cotton fabric.  Elastic waistband with a fabric drawstring featuring repeating text.  Side pockets visible.  Ribbed cuffs at ankles.  The garment is presented on a white background.,https://jamiekay.com/cdn/shop/files/JK-August24-Day1_234_1100x.jpg?v=1722550161,"A toddler with light blond hair is seated on a light beige knitted textile. The toddler is wearing a dark gray sweatshirt with the word ""L'AVENTURE"" embroidered in a light beige, slightly raised lettering across the chest.  The sweatshirt has long sleeves and a crew neck. The toddler is also wearing dark gray sweatpants, and white socks.  The sweatpants are cuffed at the ankles. The child's hands are resting on their thighs. The visible portion of the textile underneath appears to have a subtle, indistinct pattern. The background is an out-of-focus light gray wall. The lighting is soft and diffused, with no harsh shadows. The toddler is positioned slightly off-center, angled to the left, and is facing in the same direction. The overall composition shows the toddler occupying approximately the center third of the image, with the background taking up the remaining two thirds."
31,https://jamiekay.com/,https://jamiekay.com/products/organic-cotton-morgan-track-pant-milford-sound?_pos=43&_fid=0c14fcdd9&_ss=c,https://jamiekay.com/cdn/shop/files/JamieKayMay2024MayCollectionOrganicCottonMorganTrackPant-MilfordSound_1100x.jpg?v=1714949276,Product,"Gray cotton sweatpants, banded cuffs, drawstring waist.",Infant's sweatpants in light gray.  Fabric appears to be cotton.  The pants have an elasticized waistband with a fabric drawstring.  There are two front pockets. The pant legs have a ribbed knit cuff at the bottom.,https://jamiekay.com/cdn/shop/files/JKG-MA_1_43565019-8f57-48ac-b9f7-d4aa722b0ade_1100x.jpg?v=1714949277,"A toddler with brown hair is seated on a light beige surface. The toddler is wearing a sage-green sweatshirt and matching sweatpants. The sweatshirt has a small, embroidered, dark-brown design near the center of the chest. The sweatpants have a light-colored drawstring at the waist. The toddler's body is oriented three-quarters to the right of the frame, with the face turned slightly upward and toward the camera. The toddler's arms are positioned with the left arm slightly bent near the body and the right arm extended. The right hand is slightly open. Both feet are visible and slightly apart. The setting appears to be indoors, with a plain, light-grey background. The lighting is soft and diffuse, with no harsh shadows. The spatial relationship shows the toddler occupying the lower center of the frame. The entire visible scene is a minimalist, light-toned, and brightly lit interior space."
32,https://jamiekay.com/,https://jamiekay.com/products/organic-cotton-morgan-track-pant-oatmeal-marle?_pos=44&_fid=0c14fcdd9&_ss=c,https://jamiekay.com/cdn/shop/files/JamieKay-November-2024-OrganicCottonMorganTrackPant-OatmealMarle_1100x.jpg?v=1731376844,Product,Gray cotton sweatpants; elastic waistband; white drawstring.,Infant sweatpants in light gray.  Fabric appears to be cotton blend.  Elastic waistband with a white drawstring tie.  Two visible pockets at the front.  Leg cuffs are hemmed.  The garment is presented flat against a white background.,https://jamiekay.com/cdn/shop/files/JK-BlackFriday24-day1-5466_957087c8-a922-48ac-b3d6-5e6f431dcf76_1100x.jpg?v=1731376844,"A toddler, appearing to be approximately 12-18 months old, with dark brown hair, is positioned slightly off-center to the left in a standing pose. The toddler is facing away from the camera, but their head is turned back to look at the viewer. They are wearing a light beige, long-sleeved sweatshirt and matching leggings, both appearing to be made of a soft, knit fabric.  The toddler's socks are also light beige. The child is standing on a white floor against a white wall with vertically oriented rectangular panels. The wall baseboard is approximately 5cm high and white. Two large, light beige balloons, adorned with small white bows, are positioned in the upper right corner of the frame. The balloons are secured to the wall with gold ribbon. A smaller, similarly colored balloon lies on the floor near the base of the balloons. A gold star-shaped decoration is positioned on the floor, below and slightly to the right of the smaller balloon, connected to the balloons via the ribbon.  The lighting appears soft and diffused, with no harsh shadows. The distance between the toddler and the balloons is approximately 1 meter. The overall spatial arrangement suggests a staged indoor photography setting."
33,https://jamiekay.com/,https://jamiekay.com/products/organic-cotton-morgan-track-pant-vintage-taupe?_pos=45&_fid=0c14fcdd9&_ss=c,https://jamiekay.com/cdn/shop/files/OrganicCottonMorganTrackPantVintageTaupe_9752b008-9072-4d92-af64-2dcc99d70f2f_1100x.jpg?v=1715826480,Product,"Beige cotton sweatpants, elastic waistband, drawstring","A pair of children's sweatpants is shown.  The sweatpants are beige with a ribbed, cuffed hem. They have an elasticized waistband with a thin, off-white drawstring featuring a repeating logo.  The sweatpants have two visible pockets at the front.",https://jamiekay.com/cdn/shop/files/JKG-MA_4_31842f80-cce8-4e48-b35a-9f04c702a3f3_1100x.jpg?v=1715826480,"A toddler, wearing a cream-colored sweatshirt with taupe raglan sleeves and a small dachshund illustration centered on the chest, is shown from the knees up. The sweatshirt is approximately 15 inches in length from shoulder to hem. The child also wears taupe sweatpants with a drawstring waist. The drawstring is white with the text ""JAMIE K"" repeated several times. The sweatpants extend approximately 20 inches from waist to ankle.  The child is positioned slightly off-center within the frame, angled approximately 15 degrees to the left. The visible portion of the child's face is angled downward. The background is out of focus, but appears to be a light beige surface with a pale gold, star-patterned textile backdrop.  The lighting is soft and diffuse, with no harsh shadows visible on the child or clothing."
34,https://jamiekay.com/,https://jamiekay.com/products/organic-cotton-palmer-track-pant-droplet?_pos=46&_fid=0c14fcdd9&_ss=c,https://jamiekay.com/cdn/shop/files/OrganicCottonPalmerTrackPantDroplet_4fc2b5fe-df54-4f85-8edf-bb1676959bb4_1100x.jpg?v=1715826439,Product,Light blue cotton sweatpants; drawstring waist.,"Infant's sweatpants displayed against a white background.  The sweatpants are light blue, appear to be made of cotton, and have an elasticized drawstring waist.  They feature a cuffed hem at the ankles and small side pockets.  A small portion of the interior drawstring is visible, it is white and has light grey text printed on it.",https://jamiekay.com/cdn/shop/files/JKG-MA_1_ef3ca54d-0f8c-4e2b-948d-43d072f97298_1100x.jpg?v=1715826440,"A toddler with blond hair, wearing a light blue sweatshirt with a small embroidered bear face on the chest and matching light blue sweatpants, is shown standing on a white floor. The child's hands are in the pockets of the sweatpants. The child is positioned slightly off-center, with the body angled toward the lower-left corner of the frame.  The lower body is approximately at a 45-degree angle relative to the bottom edge. The child's gaze is directed downward. The background is an out-of-focus, off-white fabric curtain with a faint pattern of gold stars. The lighting is soft and diffuse, with no harsh shadows. The child's socks are dark brown. The visible area of the floor is smooth and featureless."
35,https://jamiekay.com/,https://jamiekay.com/products/ethan-playsuit-cub-marle-leopard?_pos=1&_fid=669d2f536&_ss=c,https://jamiekay.com/cdn/shop/files/JamieKayApril2024FayetteCollectionEthanPlaysuitCubMarleLeopard_1100x.jpg?v=1712809097,Product,"Knit baby bodysuit, brown, embroidered animal.",Infant-sized knitted bodysuit.  The garment is brown with a cross-back halter-style neckline. A small embroidered animal is centered on the front.  Three brown buttons are visible at the bottom.,https://jamiekay.com/cdn/shop/files/JA1B85_1_1100x.jpg?v=1712809097,"Overhead view of an infant lying supine on a cream-colored knitted blanket with a textured pattern of regularly spaced small perforations. The infant is wearing a brown knitted romper with a small embroidered bear motif centered on the chest. The romper has thin shoulder straps and short sleeves.  A light beige, ribbed, long-sleeved undershirt is visible beneath the romper's sleeves. The infant is also wearing a pair of light brown socks with embroidered bear faces. The infant's head is positioned towards the upper right corner of the image.  The infant's legs are slightly bent at the knees, with the feet positioned near the lower center of the frame. The blanket extends to all edges of the image. The lighting is soft and diffuse, with no harsh shadows."
36,https://jamiekay.com/,https://jamiekay.com/products/ethan-playsuit-mouse-marle?_pos=2&_fid=669d2f536&_ss=c,https://jamiekay.com/cdn/shop/products/JamieKayFebruary2024HeidiCollectionEthanPlaysuit-DoeMarle_1100x.jpg?v=1707333990,Product,"Knit baby romper, brown, with animal applique.","Infant sleeveless romper constructed from knitted fabric. The garment is primarily brown and features a small, embroidered animal applique on the upper chest.  The romper has a ribbed bottom hemline and three visible wooden buttons at the bottom.",https://jamiekay.com/cdn/shop/products/DSC01012_1100x.jpg?v=1707333990,"Overhead close-up view of an infant lying supine on a textured off-white surface. The infant, with brown skin, is wearing a taupe ribbed knit romper featuring a small embroidered applique of a stylized animal on the chest. The romper has a sleeveless, vest-like top section and long sleeves in a lighter beige ribbed knit fabric.  The infant's legs are bent at the knees, with feet oriented towards the upper left corner of the frame. Both hands are near the infant's lower abdomen and are slightly clenched. The surface appears soft and slightly wrinkled.  The lighting is soft and diffused, with no harsh shadows visible. The overall composition is centered on the infant."
37,https://jamiekay.com/,https://jamiekay.com/products/ethan-playsuit-oatmeal-marle-cosy-basil?_pos=3&_fid=669d2f536&_ss=c,https://jamiekay.com/cdn/shop/files/EthanPlaysuit-OatmealMarleCosyBasil_cd13c9ba-f356-42e6-b3ae-23b19fcd569c_1100x.jpg?v=1715826253,Product,"Beige knitted baby romper, embroidered dachshund.","Infant romper; beige knitted fabric.  Features a sleeveless design with thin shoulder straps that cross at the back.  A small embroidered brown dachshund is centered on the bodice. Bottom hem has three visible, light brown buttons.",https://jamiekay.com/cdn/shop/files/JKB710_1_5e4f12ba-9150-4495-b307-070be2976023_1100x.jpg?v=1715826253,"A blonde toddler, appearing to be approximately one year of age, is seated on an out-of-focus, light beige surface. The child is positioned slightly off-center, oriented toward the upper-right quadrant of the image.  The child is wearing a light beige knitted romper with a small embroidered dachshund image centered on the abdomen.  Underneath the romper, a taupe-colored, ribbed long-sleeved shirt is visible at the neckline. The child's hands are resting on their thighs. The lighting is soft and diffused, with no harsh shadows. The background is a blurry, off-white textured surface, possibly fabric.  The child's gaze is directed upward and to the right. The overall depth of field is shallow, blurring the background significantly to emphasize the child in the foreground."
38,https://jamiekay.com/,https://jamiekay.com/products/ethan-playsuit-oatmeal-marle-leopard?_pos=4&_fid=669d2f536&_ss=c,https://jamiekay.com/cdn/shop/files/Jamie-Kay-April-2024-Fayette-Collection-Ethan-Playsuit-Oatmeal-Marle-Leopard_1100x.jpg?v=1713239247,Product,"Beige knitted baby onesie, sleeveless, animal applique.","Infant onesie; beige knitted fabric; sleeveless design with crossed straps at shoulders; bottom has three visible buttons;  small embroidered applique of a light green animal, possibly a feline, is centered on the bodice.",https://jamiekay.com/cdn/shop/files/JAMIEK_1_423e49a4-6f69-43e2-a0fe-69443a554454_1100x.jpg?v=1713239247,"Overhead view of an infant lying supine on a cream-colored knitted blanket. The blanket exhibits a repeating pattern of small, evenly spaced quatrefoil shapes. The infant is wearing a beige knitted romper featuring a small embroidered animal motif on the chest.  A brown and cream horizontally striped long-sleeved shirt is visible underneath the romper. The infant's legs are bent at the knees, with feet clad in cream-colored socks that have subtle olive-green horizontal stripes near the cuffs. The infant's right hand is slightly raised. The lighting is soft and diffuse, with no harsh shadows. The romper has three visible wooden buttons at the bottom."
39,https://jamiekay.com/,https://jamiekay.com/products/ethan-playsuit-toffee-marle?_pos=5&_fid=669d2f536&_ss=c,https://jamiekay.com/cdn/shop/files/JamieKay-November-2024-EthanPlaysuit-ToffeeMarle_1100x.jpg?v=1731444006,Product,"Beige knitted baby romper, sleeveless, bear detail.","Infant romper; knitted beige fabric; sleeveless design with thin shoulder straps;  embroidered bear face detail centered on chest; bottom hem with three small, light brown buttons.",https://jamiekay.com/cdn/shop/files/JK-BlackFriday24-day2-1203_133ab6e2-b695-4f2d-9d7e-263761e46624_1100x.jpg?v=1731444006,"A toddler with light-blond hair is seated on a light-beige surface. The toddler is wearing a tan knitted romper with a small, embroidered bear face centered on the chest.  Underneath the romper is a brown and cream horizontally striped long-sleeved shirt. The romper has thin straps and two small buttons visible at the bottom. The toddler is also wearing tan ribbed socks. The toddler's body is angled slightly to the left; the head is turned slightly toward the upper left. The background is a plain, off-white wall. The lighting is soft and diffuse, casting no harsh shadows. The toddler's hands are positioned near the lower legs; one hand is slightly more forward than the other.  The distance between the toddler and the background is approximately 10-15 cm, allowing for a clear visual separation. The depth of field is shallow; the toddler is in sharp focus while the background is softly blurred."
40,https://jamiekay.com/,https://jamiekay.com/products/pima-cotton-noah-playsuit-dark-coffee-vintage-taupe?_pos=6&_fid=669d2f536&_ss=c,https://jamiekay.com/cdn/shop/files/PimaCottonNoahPlaysuitDarkCoffeeVintageTaupe_5aff16a4-4743-4511-af96-20ea567f7c61_1100x.jpg?v=1715826670,Product,"Infant bodysuit, striped fabric, dark gray",Infant sleeveless bodysuit with a Henley neckline.  The fabric is a dark gray with thin off-white horizontal stripes.  The bodysuit has a three-snap bottom closure.  The garment appears to be made of a ribbed knit material.,https://jamiekay.com/cdn/shop/files/JKCB91_1_1100x.jpg?v=1715826670,"A light-skinned infant, approximately 8-12 months old, is seated centrally on a cream-colored knitted blanket. The blanket shows a subtle, regularly spaced pattern of small perforations. The infant is wearing a sleeveless, horizontally striped bodysuit predominantly dark brown with thin off-white stripes.  The bodysuit features a Henley-style placket with one visible button. The infant is wearing light gray socks that reach mid-calf. The infant's legs are slightly spread, knees bent, and feet positioned close together. Hands are resting on the thighs. The background is an out-of-focus cream-colored fabric with a pattern of gold stars and crescents, extending from the top of the image to the bottom edge. The lighting is soft and diffused, with no harsh shadows. The scene's depth is shallow, with the focus primarily on the infant. The spatial relationship shows the infant occupying approximately the central third of the image,  with the blanket extending to the edges of the frame. The background is approximately twice the vertical extent of the infant and is clearly out of focus. No objects other than the infant, blanket, and background fabric are visible."
41,https://jamiekay.com/,https://jamiekay.com/products/pima-cotton-noah-playsuit-fable-deer-cloud?_pos=7&_fid=669d2f536&_ss=c,https://jamiekay.com/cdn/shop/files/PimaCottonNoahPlaysuitFableDeerCloud_Front_decc052b-baa0-4824-bd79-7f3dd4dbd4f2_1100x.jpg?v=1727745386,Product,"Infant sleeveless bodysuit, cream cotton, animal print","Infant sleeveless bodysuit.  Fabric appears to be cotton.  Primary color is off-white or cream. Features a small, repeating print of stylized animals and leaves in a muted beige tone.  Bodysuit has a three-button placket at the neckline.",https://jamiekay.com/cdn/shop/files/JK-September24-day1_134_1100x.jpg?v=1727745386,"Overhead view of an infant lying supine on a cream-colored woven blanket. The blanket features a repeating pattern of stylized hedgehogs in shades of beige and brown. The infant is wearing a sleeveless, off-white bodysuit with a repeating pattern of small deer and leaves. The bodysuit is approximately 15cm in length. The infant's legs are bent at the knees, and its feet are clad in brown and beige patterned socks, approximately 8cm in length. The infant's head is positioned towards the upper right quadrant of the image.  The infant's right hand is positioned at approximately 1/3 of the distance from the top edge of the image, and its left hand is slightly lower, positioned closer to the center of the image. The infant's body is situated centrally in the image. The blanket extends beyond the image frame at all edges. The lighting is soft and diffuse, with no harsh shadows observed."
42,https://jamiekay.com/,https://jamiekay.com/products/pima-cotton-noah-playsuit-henry-hedgehog-birch?_pos=8&_fid=669d2f536&_ss=c,https://jamiekay.com/cdn/shop/files/JamieKayOctober2024MeredithCollectionPimaCottonNoahPlaysuitHenryHedgehogBirch_044bc62f-d9e3-4645-81cd-fc8db283d8f0_1100x.jpg?v=1727745376,Product,"Infant sleeveless bodysuit, beige cotton, hedgehog print","Infant sleeveless bodysuit.  Fabric appears to be cotton.  Beige background with a repeating pattern of small, dark-green hedgehog illustrations.  The garment features a three-button placket at the neckline and a ruffled hemline.",https://jamiekay.com/cdn/shop/files/JK-Oct-TopUps-3228_1100x.jpg?v=1727745376,"A toddler with brown, curly hair is positioned in a crawling stance on a light beige, flat surface. The toddler is wearing a sleeveless, light beige bodysuit with small, indistinct dark gray print and white ankle socks. The bodysuit has a henley-style placket with two visible buttons.  The toddler's hands are placed approximately 15 centimeters apart on the surface, and the knees are bent, with the thighs approximately 10 centimeters apart. The background is a plain white wall, transitioning to a light beige floor. The lighting appears soft and diffused, casting no harsh shadows. The toddler's gaze is directed upward and slightly to the right.  The surface the toddler is on appears to be a rug or soft mat. The visible portion of the wall is approximately 1 meter high in the image. The space is indoors."
43,https://jamiekay.com/,https://jamiekay.com/products/pima-cotton-noah-playsuit-milford-sound-cloud-stripe?_pos=9&_fid=669d2f536&_ss=c,https://jamiekay.com/cdn/shop/files/JamieKayMay2024MayCollectionPimaCottonNoahPlaysuit-MilfordSoundCloudStripe_1100x.jpg?v=1714949421,Product,"Infant bodysuit, cotton, cream with gray stripes",Infant sleeveless bodysuit with a henley placket.  The fabric appears to be a knit cotton blend.  The garment features thin gray stripes on a cream background. The bodysuit has a bottom snap closure.,https://jamiekay.com/cdn/shop/files/JKE943_1_1100x.jpg?v=1714949421,"A toddler with short brown hair is seated on a light beige surface. The toddler is positioned slightly angled to the right, with legs spread and feet resting on the surface. The toddler is wearing a sleeveless, horizontally striped bodysuit in shades of off-white and gray. The bodysuit has a three-button placket at the neckline. The background is a solid, light off-white wall. The lighting is soft and diffuse, casting no harsh shadows. The surface under the toddler appears soft and slightly textured. The visible area of the surface extends from just below the toddler's feet to the bottom edge of the frame. The toddler's gaze is directed to the right and slightly downward."
44,https://jamiekay.com/,https://jamiekay.com/products/pima-cotton-noah-playsuit-spiced-cloud?_pos=10&_fid=669d2f536&_ss=c,https://jamiekay.com/cdn/shop/files/PimaCottonNoahPlaysuitSpicedCloud_959d1aca-9dc7-4173-91a2-eb6bfefc5eba_1100x.jpg?v=1715826698,Product,"Infant sleeveless bodysuit, striped fabric, tan and white.","Tan and white horizontally striped infant bodysuit.  The garment is sleeveless with a round neckline and three visible buttons down the front placket.  The bodysuit appears to be made of a ribbed fabric.  It has a fitted, curved hemline.",https://jamiekay.com/cdn/shop/files/JK-Birthday-2547_1100x.jpg?v=1715826698,"A baby, appearing to be approximately one year old, is seated on a light beige surface. The baby is positioned centrally in the frame.  The baby is wearing a sleeveless, horizontally striped bodysuit in shades of tan and off-white. The bodysuit has a henley-style placket with three small buttons. The baby also wears off-white ankle socks. The baby's legs are crossed at the ankles. The baby's head is slightly turned to its right. The background is an out-of-focus off-white fabric with a repeating pattern of small gold stars and crescent moons. The background fabric extends from the top edge of the frame to approximately the mid-point of the baby's torso.  The lighting is soft and diffused, with no harsh shadows. The surface upon which the baby is seated is smooth and appears to be of a soft textile."
45,https://jamiekay.com/,https://jamiekay.com/products/organic-cotton-reese-zip-onepiece-freddie-fox?_pos=4&_fid=f8a47a621&_ss=c,https://jamiekay.com/cdn/shop/files/JamieKay-November-2024-OrganicCottonReeseZipOnepiece-FreddieFox_1100x.jpg?v=1729821667,Product,"Infant zip-up jumpsuit, off-white cotton, floral print.",Infant one-piece garment with long sleeves and legs.  The garment is off-white with an all-over print of small stylized flowers and leaves in muted green and light orange.  The garment features a full-length zipper at the front. The fabric appears to be ribbed cotton.  The cuffs at the wrists and ankles are folded.,https://jamiekay.com/cdn/shop/files/JK-Nov24-1648_1100x.jpg?v=1729821667,"A toddler, viewed from behind, stands facing a white wall with raised, rectangular paneling. The toddler's right hand is raised, fingers extended, seemingly touching or pointing at the wall. The toddler is wearing a footed, long-sleeved pajama-style garment with a repeating pattern of small, light-yellow floral motifs on a light-beige background. The garment appears to be made of a soft, textured fabric.  The toddler's socks are white. The toddler is approximately 2 feet from the wall. A grey plush rabbit toy is situated on the floor, approximately 1 foot to the right and slightly behind the toddler's left foot. The lighting is soft and diffused, with no harsh shadows. The floor appears to be a light-colored, possibly white, surface. The wall extends from the floor to the top of the image, occupying approximately 90% of the background. The background is nearly entirely white with the exception of the paneling which is approximately 2 inches wide."
46,https://jamiekay.com/,https://jamiekay.com/products/emerson-romper-balm-marle?_pos=1&_fid=cc67ec62b&_ss=c,https://jamiekay.com/cdn/shop/files/JamieKay-November-2024-EmersonPlaysuit-BalmMarle_1100x.jpg?v=1731443947,Product,"Beige knitted baby onesie, bear applique.",Infant's sleeveless knit bodysuit.  The garment is light beige with a brown embroidered bear face on the upper chest.  Three brown buttons are visible at the bottom crotch. The fabric appears to be a fine gauge knit.,https://jamiekay.com/cdn/shop/files/JK-BlackFriday24-day2-1203_1100x.jpg?v=1731443947,"A toddler with fair skin and light brown hair sits on a white surface. The toddler is wearing a tan knitted romper with a small, embroidered bear design centered on the chest.  Underneath the romper, a brown and white horizontally striped long-sleeved shirt is visible at the neck and sleeves. The romper has thin straps and buttons at the bottom. The child also wears tan ribbed socks that extend approximately halfway up the calf. The child's legs are bent at the knees with the feet positioned slightly to the left of center. The child's hands rest on the floor, slightly apart from the body. The background is a plain, off-white wall.  The lighting is soft and diffused, casting no harsh shadows. The overall composition is centered around the toddler, occupying the majority of the frame."
47,https://jamiekay.com/,https://jamiekay.com/products/isaiah-shirt-coastal-stripe-cloud?_pos=1&_fid=0783f7e28&_ss=c,https://jamiekay.com/cdn/shop/files/IsaiahShirtCoastalStripeCloud_1100x.jpg?v=1717472081,Product,"Infant's collared shirt, beige and blue striped cotton fabric","Child's long-sleeved button-down shirt.  The shirt is predominantly off-white or beige with thin vertical stripes in shades of light blue and tan.  The fabric appears to be cotton.  The shirt features a pointed collar, a full button placket, and a single chest pocket.  Buttons are brown. The sleeves have a single button cuff.",https://jamiekay.com/cdn/shop/files/JK-MeadowCollection-3441_1100x.jpg?v=1717472081,"A young boy, approximately three years of age, with short brown hair cut in a bowl style, is positioned centrally in a full shot against a white wall. He is wearing a long-sleeved, light beige button-down shirt with faint, vertical stripes in a slightly darker beige. The shirt has a breast pocket located approximately 15 centimeters below the collar and is fastened with approximately eight light brown buttons. The boy's pants are light gray and are visible below the shirt's hem. The boy is looking slightly upward and to his right, exhibiting a neutral facial expression. The setting appears to be a studio or indoor space with minimal visible background elements. The lighting is soft and diffused, preventing harsh shadows on the subject. The wall's color is a consistent off-white with a subtle texture visible. No other objects are visible within the immediate frame."
48,https://jamiekay.com/,https://jamiekay.com/products/quentin-shirt-coastal-stripe-cloud?_pos=2&_fid=0783f7e28&_ss=c,https://jamiekay.com/cdn/shop/files/QuentinShirtCoastalStripeCloud_1100x.jpg?v=1717472088,Product,"Boy's shirt, beige linen, vertical stripes.","Child-sized, short-sleeved button-down shirt.  Fabric appears to be linen.  Predominantly beige with vertical stripes in lighter beige and pale blue-gray.  Buttons are brown.  Collared shirt with a standard button placket.",https://jamiekay.com/cdn/shop/files/JK-MeadowCollection-1764_747eebad-6ddb-4445-851d-1c7b7173b80b_1100x.jpg?v=1717472088,"A toddler, with light brown hair, is positioned slightly off-center within the frame. The child is wearing a light beige bucket hat with subtle pale blue and tan stripes, a cream-colored short-sleeved collared shirt, and light gray denim overalls. The overalls feature two visible brass-colored buttons on the front, and small pockets are visible on the lower front. The child is holding a small, indiscernible object between their fingers. The background is a bright, evenly lit, off-white wall with subtle molding visible near the upper edge of the frame. The lighting appears soft and diffused, with no harsh shadows. The toddler is standing on what seems to be a light-colored floor, which is not fully visible within the frame. The child's overall posture suggests they are looking down at the small object in their hands. The distance between the child and the wall appears to be approximately one to two feet, estimated based on the child's size and the apparent perspective."
49,https://jamiekay.com/,https://jamiekay.com/products/jude-short-cobblestone?_pos=2&_fid=d192a716f&_ss=c,https://jamiekay.com/cdn/shop/products/JamieKayMarch2024MarchCollectionJudeShortCobblestone_Front_1100x.jpg?v=1710302635,Product,"Gray denim shorts, cotton blend, five pockets","A pair of children's shorts is shown against a white background.  The shorts appear to be constructed from a cotton denim blend. They are gray and feature a button and zipper fly closure.  Two front pockets and two back pockets are visible, as well as a small coin pocket.  The shorts have a hemmed finish.",https://jamiekay.com/cdn/shop/products/JK-March24-Collection-day4-1718_1100x.jpg?v=1710302635,"A toddler, approximately 18-24 months old, with light brown, short hair, is positioned slightly right of center within the frame. The toddler is wearing a long-sleeved shirt with horizontal beige and off-white stripes, mauve-colored shorts, and brown ankle boots.  The shirt's sleeves are three-quarter length.  The toddler is holding a white plush toy resembling a bear, held primarily in the right hand, with the left hand providing additional support at the toy's midsection. The child is standing on a medium brown wood-grain floor, with white baseboards approximately 4cm in height visible along the bottom of a white wall. The wall has subtle, vertical paneling details with approximately 1.5 cm grooves. The lighting appears soft and diffused, minimizing harsh shadows. The background is predominantly a blank white wall, with the overall composition focused on the toddler. The child is facing right, but slightly angled toward the viewer, making approximately a 30-degree angle from profile view. The child appears to be walking or standing, and the legs are slightly flexed. The distance from the camera to the child is estimated at approximately 1.5 - 2 meters. The visible portion of the floor extends approximately 1 meter behind the child. The overall vertical depth of field encompasses approximately 2 meters from the toddler to the top of the wall. The toy is approximately 15cm in height."
50,https://jamiekay.com/,https://jamiekay.com/products/jude-short-wheat?_pos=5&_fid=d192a716f&_ss=c,https://jamiekay.com/cdn/shop/files/JamieKayApril2024FayetteCollectionJudeShortWheat_1100x.jpg?v=1712809975,Product,"Beige cotton shorts, front view.","Child's shorts in beige.  Fabric appears to be cotton twill.  The shorts have a waistband, two front pockets, and a button closure.  Seams are visible at the waist, pockets, and hems. The background is solid white.",https://jamiekay.com/cdn/shop/files/JamieKay-April2024-FayetteCollection-345_1100x.jpg?v=1712809975,"A toddler, with light brown, short hair styled in a side-swept manner, is positioned slightly angled to their right, facing away from the camera. They are wearing a light grey, ribbed, long-sleeved henley sweater with four visible buttons at the center neck. Underneath the sweater, they are wearing tan colored shorts that reach approximately mid-thigh.  The toddler's lower legs are covered in off-white socks.  They are wearing tan leather ankle boots, each visible boot oriented to approximately match the toddler's stance. The toddler's hands are positioned near their midsection, the right hand slightly lower than the left hand. The scene is set against a bright, even-toned off-white background. The subject occupies the central area of the image.  The lighting is soft and diffused, casting no visible shadows on the background or subject. The background is a plain, uniformly colored studio backdrop."
51,https://jamiekay.com/,https://jamiekay.com/products/organic-cotton-andy-short-henry-hedgehog-birch?_pos=7&_fid=d192a716f&_ss=c,https://jamiekay.com/cdn/shop/files/OrganicCottonAndyShortHenryHedgehogBirch_59e1f793-7ab7-4db3-b010-3977465003e9_1100x.jpg?v=1724902216,Product,"Beige cotton shorts, hedgehog print, drawstring waist.","Child's shorts in beige cotton fabric.  Features an all-over print of small, stylized hedgehogs in muted green and brown.  The shorts have an elasticized waistband with a drawstring closure made of off-white cotton rope.  Two front pockets are visible.",https://jamiekay.com/cdn/shop/files/JK-September24-day1_1136_1100x.jpg?v=1724902216,"A toddler, approximately 18-24 months of age, with light brown hair, is seated on a light brown wood-grain floor. The child is wearing a light beige sweatshirt and shorts, both adorned with a repeating pattern of small, dark brown hedgehog illustrations. The sweatshirt has long sleeves and a crew neck. The shorts are of a similar fabric and length, appearing to be approximately 6-8 inches in length. The child is also wearing light beige knitted socks. The child's hands are visible, with one hand resting near the knee and the other partially touching the opposite foot. The child's expression is one of mild amusement; the mouth is slightly open revealing some teeth. The background consists of a vertically ribbed off-white wall, extending approximately 3 feet from the base of the floor, which does not appear to have visible seams. The lighting is soft and diffused, with no harsh shadows present. The camera angle is slightly elevated, looking downward toward the child from approximately 4 feet. The overall composition is centered around the child, with approximately 1 foot of floor visible on all sides, creating a symmetrical arrangement. The spatial relationship is close, focusing entirely on the child.  No other individuals or objects are present in the image."
